Player,Team,Pos,Age,G,AB,R,H,2B,3B,HR,RBI,SB,CS,BB,SO,SH,SF,HBP,AVG,OBP,SLG,OPS
Whit Merrifield,KC,2B,32,60,248,38,70,12,0,9,30,12,3,12,33,0,1,4,0.282,0.325,0.44,0.765
Jose Abreu,CWS,1B,34,60,240,43,76,15,0,19,60,0,0,18,59,0,1,3,0.317,0.37,0.617,0.987
Dansby Swanson,ATL,SS,27,60,237,49,65,15,0,10,35,5,0,22,71,0,1,4,0.274,0.345,0.464,0.809
Francisco Lindor,CLE,SS,27,60,236,30,61,13,0,8,27,6,2,24,41,0,2,4,0.258,0.335,0.415,0.75
Trevor Story,COL,SS,28,59,235,41,68,13,4,11,28,15,3,24,63,0,0,0,0.289,0.355,0.519,0.874
Cesar Hernandez,CLE,2B,31,58,233,35,66,20,0,3,20,0,0,24,57,1,0,2,0.283,0.355,0.408,0.763
Trea Turner,WAS,SS,28,59,233,46,78,15,4,12,41,12,4,22,36,0,2,2,0.335,0.394,0.588,0.982
Rafael Devers,BOS,3B,24,57,232,32,61,16,1,11,43,0,0,13,67,0,0,3,0.263,0.31,0.483,0.793
Marcell Ozuna,ATL,OF,30,60,228,38,77,14,0,18,56,0,0,38,60,0,1,0,0.338,0.431,0.636,1.067
Manny Machado,SD,3B,29,60,224,44,68,12,1,16,47,6,3,26,37,0,4,0,0.304,0.37,0.58,0.95
Fernando Tatis,SD,SS,22,59,224,50,62,11,2,17,45,11,3,27,61,0,1,5,0.277,0.366,0.571,0.937
Maikel Franco,KC,3B,29,60,223,23,62,16,0,8,38,1,0,16,38,0,4,0,0.278,0.321,0.457,0.778
Javier Baez,CHC,SS,28,59,222,27,45,9,1,8,24,3,0,7,75,0,2,4,0.203,0.238,0.36,0.598
Charlie Blackmon,COL,OF,35,59,221,31,67,12,1,6,42,2,1,19,44,0,5,2,0.303,0.356,0.448,0.804
Vladimir Guerrero,TOR,1B,22,60,221,34,58,13,2,9,33,1,0,20,38,0,0,2,0.262,0.329,0.462,0.791
Cavan Biggio,TOR,2B,26,59,220,41,55,16,0,8,28,6,0,41,61,0,0,3,0.25,0.375,0.432,0.807
Jose Ramirez,CLE,3B,28,58,219,45,64,16,1,17,46,10,3,31,43,0,1,3,0.292,0.386,0.607,0.993
Mookie Betts,LAD,OF,28,55,219,47,64,9,1,16,39,10,2,24,38,0,1,2,0.292,0.366,0.562,0.928
Hanser Alberto,BAL,2B,28,54,219,35,62,15,0,3,22,3,0,5,30,2,2,3,0.283,0.306,0.393,0.699
Adalberto Mondesi,KC,SS,26,59,219,33,56,11,3,6,22,24,8,11,70,2,0,1,0.256,0.294,0.416,0.71
Christian Walker,ARI,1B,30,57,218,35,59,18,1,7,34,1,1,19,50,0,3,3,0.271,0.333,0.459,0.792
Nick Castellanos,CIN,OF,29,60,218,37,49,11,2,14,34,0,2,19,69,0,1,4,0.225,0.298,0.486,0.784
Keston Hiura,MIL,2B,25,59,217,30,46,4,0,13,32,3,2,16,85,0,2,11,0.212,0.297,0.41,0.707
Andrew McCutchen,PHI,OF,34,57,217,32,55,9,0,10,34,4,0,22,48,0,1,1,0.253,0.324,0.433,0.757
Randal Grichuk,TOR,OF,30,55,216,38,59,9,0,12,35,1,1,13,49,0,2,0,0.273,0.312,0.481,0.793
Didi Gregorius,PHI,SS,31,60,215,34,61,10,2,10,40,3,2,15,28,1,2,4,0.284,0.339,0.488,0.827
Trent Grisham,SD,OF,24,59,215,42,54,8,3,10,26,10,1,31,64,1,1,3,0.251,0.352,0.456,0.808
Freddie Freeman,ATL,1B,31,60,214,51,73,23,1,13,53,2,0,45,37,0,0,3,0.341,0.462,0.64,1.102
Luke Voit,NYY,1B,30,56,213,41,59,5,0,22,52,0,0,17,54,0,1,3,0.277,0.338,0.61,0.948
Cody Bellinger,LAD,1B,26,56,213,33,51,10,0,12,30,6,1,30,42,0,0,0,0.239,0.333,0.455,0.788
Eloy Jimenez,CWS,OF,24,55,213,26,63,14,0,14,41,0,0,12,56,0,1,0,0.296,0.332,0.559,0.891
Corey Seager,LAD,SS,27,52,212,38,65,12,1,15,41,1,0,17,37,0,2,1,0.307,0.358,0.585,0.943
Marcus Semien,OAK,SS,30,53,211,28,47,9,1,7,23,4,0,25,50,0,0,0,0.223,0.305,0.374,0.679
Franmil Reyes,CLE,DH,26,59,211,27,58,10,0,9,34,0,0,24,69,0,5,1,0.275,0.344,0.45,0.794
Yuli Gurriel,HOU,1B,37,57,211,27,49,12,1,6,22,0,1,12,27,0,5,2,0.232,0.274,0.384,0.658
J.D. Martinez,BOS,DH,34,54,211,22,45,16,0,7,27,1,0,22,59,0,2,2,0.213,0.291,0.389,0.68
Isiah Kiner-Falefa,TEX,SS,26,58,211,28,59,4,3,3,10,8,5,14,32,0,1,2,0.28,0.329,0.37,0.699
Eddie Rosario,MIN,OF,29,57,210,31,54,7,0,13,42,3,1,19,34,0,2,0,0.257,0.316,0.476,0.792
Matt Olson,OAK,1B,27,60,210,28,41,4,1,14,42,1,0,34,77,0,0,1,0.195,0.31,0.424,0.734
Jorge Polanco,MIN,SS,28,55,209,22,54,8,0,4,19,4,2,13,35,2,1,1,0.258,0.304,0.354,0.658
Kyle Tucker,HOU,OF,24,58,209,33,56,12,6,9,42,8,1,18,46,0,1,0,0.268,0.325,0.512,0.837
Adam Frazier,PIT,2B,29,58,209,22,48,7,0,7,23,1,3,17,35,1,0,3,0.23,0.297,0.364,0.661
Nick Solak,TEX,2B,26,58,209,27,56,10,0,2,23,7,1,18,42,0,4,2,0.268,0.326,0.344,0.67
Pete Alonso,NYM,1B,26,57,208,31,48,6,0,16,35,1,0,24,61,0,1,6,0.231,0.326,0.49,0.816
Lourdes Gurriel,TOR,OF,27,57,208,28,64,14,0,11,33,3,1,14,48,0,2,0,0.308,0.348,0.534,0.882
Tim Anderson,CWS,SS,28,49,208,45,67,11,1,10,21,5,2,10,50,0,1,2,0.322,0.357,0.529,0.886
David Fletcher,LAA,2B,27,49,207,31,66,13,0,3,18,2,1,20,25,1,2,0,0.319,0.376,0.425,0.801
Kyle Lewis,SEA,OF,26,58,206,37,54,3,0,11,28,5,1,34,71,0,2,0,0.262,0.364,0.437,0.801
Carlos Santana,CLE,1B,35,60,206,34,41,7,0,8,30,0,0,47,43,0,1,1,0.199,0.349,0.35,0.699
Miguel Cabrera,DET,DH,38,57,204,28,51,4,0,10,35,1,0,24,51,0,2,1,0.25,0.329,0.417,0.746
Tommy Edman,STL,2B,26,55,204,29,51,7,1,5,26,2,4,16,48,0,2,5,0.25,0.317,0.368,0.685
J.P. Crawford,SEA,SS,26,53,204,33,52,7,2,2,24,6,3,23,39,0,2,3,0.255,0.336,0.338,0.674
David Peralta,ARI,OF,34,54,203,19,61,10,1,5,34,1,0,13,45,0,2,0,0.3,0.339,0.433,0.772
Max Muncy,LAD,2B,31,58,203,36,39,4,0,12,27,1,0,39,60,0,2,4,0.192,0.331,0.389,0.72
Kyle Seager,SEA,3B,33,60,203,35,49,12,0,9,40,5,0,32,33,0,6,7,0.241,0.355,0.433,0.788
Anthony Rizzo,CHC,1B,32,58,203,26,45,6,0,11,24,3,1,28,38,0,2,10,0.222,0.342,0.414,0.756
Eduardo Escobar,ARI,3B,32,54,203,22,43,7,3,4,20,1,0,15,41,0,2,2,0.212,0.27,0.335,0.605
Xander Bogaerts,BOS,SS,28,56,203,36,61,8,0,11,28,8,0,21,41,0,1,0,0.3,0.364,0.502,0.866
Luis Robert,CWS,OF,24,56,202,33,47,8,0,11,31,9,2,20,73,0,2,1,0.233,0.302,0.436,0.738
Victor Reyes,DET,OF,26,57,202,30,56,7,2,4,14,8,2,9,45,0,0,2,0.277,0.315,0.391,0.706
Michael Conforto,NYM,OF,28,54,202,40,65,12,0,9,31,3,3,24,57,0,0,7,0.322,0.412,0.515,0.927
Alex Verdugo,BOS,OF,25,53,201,36,62,16,0,6,15,4,0,17,45,0,1,2,0.308,0.367,0.478,0.845
Carlos Correa,HOU,SS,26,58,201,22,53,9,0,5,25,0,0,16,49,0,1,3,0.264,0.326,0.383,0.709
Christian Yelich,MIL,OF,29,58,200,39,41,7,1,12,22,4,2,46,76,0,0,1,0.205,0.356,0.43,0.786
Brian Anderson,MIA,3B,28,59,200,27,51,7,1,11,38,0,0,22,66,0,1,6,0.255,0.345,0.465,0.81
Yoan Moncada,CWS,3B,26,52,200,28,45,8,3,6,24,0,0,28,72,0,2,1,0.225,0.32,0.385,0.705
Nick Ahmed,ARI,SS,31,57,199,29,53,10,1,5,29,4,0,18,46,0,0,0,0.266,0.327,0.402,0.729
Mike Trout,LAA,OF,30,53,199,41,56,9,2,17,46,1,1,35,56,0,4,3,0.281,0.39,0.603,0.993
Wil Myers,SD,OF,30,55,198,34,57,14,2,15,40,2,1,18,56,0,0,2,0.288,0.353,0.606,0.959
Wilmer Flores,SF,2B,30,55,198,30,53,11,1,12,32,1,0,13,36,0,1,1,0.268,0.315,0.515,0.83
Eugenio Suarez,CIN,3B,30,57,198,29,40,8,0,15,38,2,0,30,67,0,1,2,0.202,0.312,0.47,0.782
Ian Happ,CHC,OF,27,57,198,27,51,11,1,12,28,1,3,30,63,1,0,2,0.258,0.361,0.505,0.866
AJ Pollock,LAD,OF,33,55,196,30,54,9,0,16,34,2,2,12,45,0,2,0,0.276,0.314,0.566,0.88
DJ LeMahieu,NYY,2B,33,50,195,41,71,10,2,10,27,3,0,18,21,0,1,2,0.364,0.421,0.59,1.011
Josh Bell,PIT,1B,29,57,195,22,44,3,0,8,22,0,0,22,59,0,4,2,0.226,0.305,0.364,0.669
Renato Nunez,BAL,1B,27,52,195,29,50,10,0,12,31,0,0,17,64,0,1,3,0.256,0.324,0.492,0.816
Corey Dickerson,MIA,OF,32,52,194,25,50,5,1,7,17,1,1,15,35,0,0,0,0.258,0.311,0.402,0.713
Joey Gallo,TEX,OF,27,57,193,23,35,8,0,10,26,2,0,29,79,0,0,4,0.181,0.301,0.378,0.679
Brandon Lowe,TB,2B,27,56,193,36,52,9,2,14,37,3,0,25,58,0,2,4,0.269,0.362,0.554,0.916
Evan Longoria,SF,3B,35,53,193,26,49,10,1,7,28,0,1,11,39,0,3,2,0.254,0.297,0.425,0.722
Mike Yastrzemski,SF,OF,31,54,192,39,57,14,4,10,35,2,1,30,55,0,0,3,0.297,0.4,0.568,0.968
Jose Altuve,HOU,2B,31,48,192,32,42,9,0,5,18,2,3,17,39,0,0,1,0.219,0.286,0.344,0.63
Jean Segura,PHI,2B,31,54,192,28,51,5,2,7,25,2,2,23,45,1,0,1,0.266,0.347,0.422,0.769
Jackie Bradley,BOS,OF,31,55,191,32,54,11,0,7,22,5,2,23,48,0,1,2,0.283,0.364,0.45,0.814
Paul Goldschmidt,STL,1B,33,58,191,31,58,13,0,6,21,1,0,37,43,0,1,1,0.304,0.417,0.466,0.883
Mark Canha,OAK,OF,32,59,191,32,47,12,2,5,33,4,0,37,54,0,5,10,0.246,0.387,0.408,0.795
Kyle Schwarber,CHC,OF,28,59,191,30,36,6,0,11,24,1,0,30,66,0,0,3,0.188,0.308,0.393,0.701
J.D. Davis,NYM,3B,28,56,190,26,47,9,0,6,19,0,0,31,56,0,1,7,0.247,0.371,0.389,0.76
Donovan Solano,SF,2B,33,54,190,22,62,15,1,3,29,0,0,10,39,0,1,2,0.326,0.365,0.463,0.828
Bryce Harper,PHI,OF,28,58,190,41,51,9,2,13,33,8,2,49,43,1,2,2,0.268,0.42,0.542,0.962
Kole Calhoun,ARI,OF,33,54,190,35,43,9,0,16,40,1,1,28,50,0,4,6,0.226,0.338,0.526,0.864
Adam Duvall,ATL,OF,32,57,190,34,45,8,0,16,33,0,0,15,54,0,1,3,0.237,0.301,0.532,0.833
Teoscar Hernandez,TOR,OF,28,50,190,33,55,7,0,16,34,6,1,14,63,0,1,1,0.289,0.34,0.579,0.919
Asdrubal Cabrera,WAS,3B,35,52,190,23,46,9,3,8,31,0,0,19,40,0,4,0,0.242,0.305,0.447,0.752
Anthony Rendon,LAA,3B,31,52,189,29,54,11,1,9,31,0,0,38,31,0,0,5,0.286,0.418,0.497,0.915
George Springer,HOU,OF,31,51,189,37,50,6,2,14,32,1,2,24,38,0,2,5,0.265,0.359,0.54,0.899
Willson Contreras,CHC,C,29,57,189,37,46,10,0,7,26,1,2,20,57,0,2,14,0.243,0.356,0.407,0.763
Austin Riley,ATL,3B,24,51,188,24,45,7,1,8,27,0,0,16,49,0,1,1,0.239,0.301,0.415,0.716
Josh Reddick,HOU,OF,34,56,188,22,46,11,1,4,23,1,0,20,42,0,1,0,0.245,0.316,0.378,0.694
Jesus Aguilar,MIA,1B,31,51,188,31,52,10,0,8,34,0,1,23,40,0,4,1,0.277,0.352,0.457,0.809
Brandon Nimmo,NYM,OF,28,55,186,33,52,8,3,8,18,1,2,33,43,0,0,6,0.28,0.404,0.484,0.888
Miguel Sano,MIN,1B,28,53,186,31,38,12,0,13,25,0,0,18,90,0,0,1,0.204,0.278,0.478,0.756
Joey Votto,CIN,1B,37,54,186,32,42,8,0,11,22,0,0,37,43,0,0,0,0.226,0.354,0.446,0.8
Nelson Cruz,MIN,DH,41,53,185,33,56,6,0,16,33,0,0,25,58,0,0,4,0.303,0.397,0.595,0.992
Rio Ruiz,BAL,3B,27,54,185,25,41,11,0,9,32,1,2,17,46,1,1,0,0.222,0.286,0.427,0.713
Jeimer Candelario,DET,1B,27,52,185,30,55,11,3,7,29,1,1,20,49,0,0,1,0.297,0.369,0.503,0.872
Chris Taylor,LAD,2B,31,56,185,30,50,10,2,8,32,3,2,26,55,1,0,2,0.27,0.366,0.476,0.842
Willy Adames,TB,SS,25,54,185,29,48,15,1,8,23,2,1,20,74,0,0,0,0.259,0.332,0.481,0.813
Bryan Reynolds,PIT,OF,26,55,185,24,35,6,2,7,19,1,1,21,57,0,0,1,0.189,0.275,0.357,0.632
Raimel Tapia,COL,OF,27,51,184,26,59,8,2,1,17,8,2,14,38,1,3,2,0.321,0.369,0.402,0.771
Jeff McNeil,NYM,2B,29,52,183,19,57,14,0,4,23,0,2,20,24,0,3,3,0.311,0.383,0.454,0.837
Ramon Laureano,OAK,OF,27,54,183,27,39,8,1,6,25,2,1,24,58,0,3,12,0.213,0.338,0.366,0.704
Evan White,SEA,1B,25,54,182,19,32,7,0,8,26,1,2,18,84,0,1,1,0.176,0.252,0.346,0.598
Nolan Arenado,COL,3B,30,48,182,23,46,9,0,8,26,0,0,15,20,0,4,0,0.253,0.303,0.434,0.737
Avisail Garcia,MIL,OF,30,53,181,20,43,10,0,2,15,1,3,20,49,0,0,6,0.238,0.333,0.326,0.659
Kolten Wong,STL,2B,30,53,181,26,48,4,2,1,16,5,2,20,30,2,1,4,0.265,0.35,0.326,0.676
Erik Gonzalez,PIT,SS,30,50,181,14,41,13,1,3,20,2,3,8,51,1,3,0,0.227,0.255,0.359,0.614
Ketel Marte,ARI,2B,27,45,181,19,52,14,1,2,17,1,0,7,21,0,3,4,0.287,0.323,0.409,0.732
Jurickson Profar,SD,2B,28,56,180,28,50,6,0,7,25,7,1,15,28,1,2,4,0.278,0.343,0.428,0.771
Colin Moran,PIT,1B,28,52,178,28,44,10,0,10,23,0,0,19,52,0,1,2,0.247,0.325,0.472,0.797
Dominic Smith,NYM,1B,26,50,177,27,56,21,1,10,42,0,0,14,45,0,3,5,0.316,0.377,0.616,0.993
Marwin Gonzalez,MIN,2B,32,53,175,15,37,4,0,5,22,0,0,17,41,0,4,3,0.211,0.286,0.32,0.606
Christian Vazquez,BOS,C,31,47,173,22,49,9,0,7,23,4,3,16,43,0,0,0,0.283,0.344,0.457,0.801
Orlando Arcia,MIL,SS,27,59,173,22,45,10,1,5,20,2,0,14,32,0,1,1,0.26,0.317,0.416,0.733
J.T. Realmuto,PHI,C,30,47,173,33,46,6,0,11,32,4,1,16,48,0,0,6,0.266,0.349,0.491,0.84
Brandon Crawford,SF,SS,34,54,172,26,44,12,0,8,28,1,2,15,47,0,2,4,0.256,0.326,0.465,0.791
Ryan McMahon,COL,2B,26,52,172,23,37,6,1,9,26,0,1,18,66,0,1,2,0.215,0.295,0.419,0.714
Jake Cronenworth,SD,2B,27,54,172,26,49,15,3,4,20,3,1,18,30,0,1,1,0.285,0.354,0.477,0.831
Max Kepler,MIN,OF,28,48,171,27,39,9,0,9,23,3,0,22,36,0,1,2,0.228,0.321,0.439,0.76
Robinson Cano,NYM,2B,38,49,171,23,54,9,0,10,30,0,0,9,24,0,1,1,0.316,0.352,0.544,0.896
Michael Brantley,HOU,OF,34,46,170,24,51,15,0,5,22,2,0,17,28,0,0,0,0.3,0.364,0.476,0.84
Nicky Lopez,KC,2B,26,56,169,15,34,8,0,1,13,0,5,18,41,3,0,2,0.201,0.286,0.266,0.552
Aaron Hicks,NYY,OF,31,54,169,28,38,10,2,6,21,4,1,41,38,0,0,1,0.225,0.379,0.414,0.793
Joey Wendle,TB,2B,31,50,168,24,48,9,2,4,17,8,2,10,35,0,1,5,0.286,0.342,0.435,0.777
Victor Robles,WAS,OF,24,52,168,20,37,5,1,3,15,4,1,9,53,1,2,9,0.22,0.293,0.315,0.608
Garrett Hampson,COL,2B,26,53,167,25,39,4,3,5,11,6,1,13,60,3,1,0,0.234,0.287,0.383,0.67
Robbie Grossman,OAK,OF,31,51,166,23,40,12,2,8,23,8,1,21,38,0,0,5,0.241,0.344,0.482,0.826
Travis d'Arnaud,ATL,C,32,44,165,19,53,8,0,9,34,1,0,16,50,0,1,2,0.321,0.386,0.533,0.919
Travis Shaw,TOR,3B,31,50,163,17,39,10,0,6,17,0,0,16,50,0,1,0,0.239,0.306,0.411,0.717
Alex Gordon,KC,OF,37,50,163,15,34,4,0,4,11,0,0,18,37,0,0,3,0.209,0.299,0.307,0.606
Jonathan Schoop,DET,2B,29,44,162,26,45,4,2,8,23,0,0,8,39,0,2,4,0.278,0.324,0.475,0.799
Yasmani Grandal,CWS,C,32,46,161,27,37,7,0,8,27,0,0,30,58,0,2,1,0.23,0.351,0.422,0.773
Ronald Acuna,ATL,OF,23,46,160,46,40,11,0,14,29,8,1,38,60,0,0,4,0.25,0.406,0.581,0.987
Pedro Severino,BAL,C,28,48,160,17,40,5,1,5,21,1,0,16,40,1,0,1,0.25,0.322,0.388,0.71
Alec Bohm,PHI,3B,25,44,160,24,54,11,0,4,23,1,1,16,36,0,2,2,0.338,0.4,0.481,0.881
Adam Eaton,WAS,OF,32,41,159,22,36,11,1,4,17,3,0,12,32,4,0,1,0.226,0.285,0.384,0.669
Stephen Piscotty,OAK,OF,30,45,159,17,36,6,0,5,29,4,0,9,53,1,1,1,0.226,0.271,0.358,0.629
Edwin Encarnacion,CWS,DH,38,44,159,19,25,5,0,10,19,0,0,16,54,0,1,4,0.157,0.25,0.377,0.627
Hunter Dozier,KC,1B,30,44,158,29,36,4,2,6,12,4,0,27,48,0,0,1,0.228,0.344,0.392,0.736
Niko Goodrum,DET,2B,29,43,158,15,29,7,1,5,20,7,1,18,69,0,3,0,0.184,0.263,0.335,0.598
Gregory Polanco,PIT,OF,29,50,157,12,24,6,0,7,22,3,1,13,65,0,3,0,0.153,0.214,0.325,0.539
Yoshi Tsutsugo,TB,3B,29,51,157,27,31,5,1,8,24,0,0,26,50,0,1,1,0.197,0.314,0.395,0.709
Mauricio Dubon,SF,2B,27,54,157,21,43,4,1,4,19,2,3,15,36,1,2,1,0.274,0.337,0.389,0.726
Kevin Newman,PIT,2B,28,44,156,12,35,5,0,1,10,0,1,12,21,1,2,1,0.224,0.281,0.276,0.557
Gary Sanchez,NYY,C,28,49,156,19,23,4,0,10,24,0,0,18,64,0,0,4,0.147,0.253,0.365,0.618
Shogo Akiyama,CIN,OF,33,54,155,16,38,6,1,0,9,7,3,25,34,0,0,2,0.245,0.357,0.297,0.654
Juan Soto,WAS,OF,22,47,154,39,54,14,0,13,37,6,2,41,28,0,0,1,0.351,0.49,0.695,1.185
Alex Bregman,HOU,3B,27,42,153,19,37,12,1,6,22,0,0,24,26,0,1,2,0.242,0.35,0.451,0.801
Shohei Ohtani,LAA,P,27,46,153,23,29,6,0,7,24,7,1,22,50,0,0,0,0.19,0.291,0.366,0.657
Anthony Santander,BAL,OF,26,37,153,24,40,13,1,11,32,0,1,10,25,0,0,2,0.261,0.315,0.575,0.89
Paul DeJong,STL,SS,28,45,152,17,38,6,0,3,25,1,0,17,50,0,4,1,0.25,0.322,0.349,0.671
Albert Pujols,LAA,1B,41,39,152,15,34,8,0,6,25,0,0,9,25,0,1,1,0.224,0.27,0.395,0.665
Rhys Hoskins,PHI,1B,28,41,151,35,37,9,0,10,26,1,0,29,43,0,0,5,0.245,0.384,0.503,0.887
Gio Urshela,NYY,3B,29,43,151,24,45,11,0,6,30,1,0,18,25,0,4,1,0.298,0.368,0.49,0.858
Alex Dickerson,SF,OF,31,52,151,28,45,10,1,10,27,0,0,16,30,0,1,2,0.298,0.371,0.576,0.947
Salvador Perez,KC,C,31,37,150,22,50,12,0,11,32,1,0,3,36,0,1,2,0.333,0.353,0.633,0.986
Justin Turner,LAD,3B,36,42,150,26,46,9,1,4,23,1,0,18,26,0,1,6,0.307,0.4,0.46,0.86
Brandon Belt,SF,1B,33,51,149,25,46,13,1,9,30,0,0,30,36,0,0,0,0.309,0.425,0.591,1.016
Jesse Winker,CIN,OF,28,54,149,27,38,7,0,12,23,1,0,28,46,0,1,5,0.255,0.388,0.544,0.932
Jorge Soler,KC,OF,29,43,149,17,34,8,0,8,24,0,0,19,60,0,1,3,0.228,0.326,0.443,0.769
Jason Heyward,CHC,OF,32,50,147,20,39,6,2,6,22,2,0,30,37,0,2,2,0.265,0.392,0.456,0.848
Justin Upton,LAA,OF,34,42,147,20,30,5,0,9,22,0,2,11,43,0,1,7,0.204,0.289,0.422,0.711
Michael Chavis,BOS,2B,26,42,146,16,31,5,2,5,19,3,0,8,50,0,2,2,0.212,0.259,0.377,0.636
Manuel Margot,TB,OF,26,47,145,19,39,9,0,1,11,12,4,13,25,0,1,0,0.269,0.327,0.352,0.679
Yadier Molina,STL,C,39,42,145,12,38,2,0,4,16,0,0,6,21,1,1,3,0.262,0.303,0.359,0.662
Amed Rosario,NYM,SS,25,46,143,20,36,3,1,4,15,0,1,4,34,0,0,0,0.252,0.272,0.371,0.643
Eric Hosmer,SD,1B,31,38,143,23,41,6,0,9,36,4,0,9,28,0,2,2,0.287,0.333,0.517,0.85
Tim Lopes,SEA,OF,27,46,143,16,34,12,0,2,15,5,0,6,34,0,0,2,0.238,0.278,0.364,0.642
Matt Chapman,OAK,3B,28,37,142,22,33,9,2,10,25,0,0,8,54,0,1,1,0.232,0.276,0.535,0.811
Jose Iglesias,BAL,SS,31,39,142,16,53,17,0,3,24,0,0,3,17,0,1,4,0.373,0.4,0.556,0.956
Brad Miller,STL,3B,31,48,142,21,33,8,1,7,25,1,0,25,46,0,1,3,0.232,0.357,0.451,0.808
Wilson Ramos,NYM,C,34,45,142,13,34,6,0,5,15,0,0,10,31,0,1,2,0.239,0.297,0.387,0.684
Freddy Galvis,CIN,2B,31,47,141,18,31,5,0,7,16,1,1,13,30,0,0,5,0.22,0.308,0.404,0.712
Pat Valaika,BAL,2B,28,52,141,24,39,4,0,8,16,0,2,8,34,1,0,0,0.277,0.315,0.475,0.79
Cedric Mullins,BAL,OF,26,48,140,16,38,4,3,3,12,7,2,8,37,4,0,1,0.271,0.315,0.407,0.722
Matt Carpenter,STL,3B,35,50,140,22,26,6,0,4,24,0,0,23,48,0,0,6,0.186,0.325,0.314,0.639
Enrique Hernandez,LAD,2B,30,48,139,20,32,8,1,5,20,0,1,6,31,0,1,2,0.23,0.27,0.41,0.68
Mike Moustakas,CIN,2B,33,44,139,13,32,9,0,8,27,1,0,18,36,0,2,4,0.23,0.331,0.468,0.799
Tyler O'Neill,STL,OF,26,50,139,20,24,5,0,7,19,3,1,15,43,0,1,2,0.173,0.261,0.36,0.621
Kevin Kiermaier,TB,OF,31,49,138,16,30,5,3,3,22,8,1,20,42,0,0,1,0.217,0.321,0.362,0.683
Rougned Odor,TEX,2B,27,38,138,15,23,4,0,10,30,0,1,7,47,0,2,1,0.167,0.209,0.413,0.622
Dylan Moore,SEA,2B,29,38,137,26,35,9,0,8,17,12,5,14,43,0,0,8,0.255,0.358,0.496,0.854
Gleyber Torres,NYY,SS,24,42,136,17,33,8,0,3,16,1,0,22,28,0,0,2,0.243,0.356,0.368,0.724
Nomar Mazara,CWS,OF,26,42,136,13,31,6,0,1,15,0,1,10,44,0,0,3,0.228,0.295,0.294,0.589
Martin Maldonado,HOU,C,35,47,135,19,29,4,0,6,24,1,0,27,51,2,0,1,0.215,0.35,0.378,0.728
Luis Garcia,WAS,2B,21,40,134,18,37,6,0,2,16,1,1,5,29,0,0,0,0.276,0.302,0.366,0.668
Tyler Naquin,CLE,OF,30,40,133,15,29,8,1,4,20,0,1,5,40,0,2,1,0.218,0.248,0.383,0.631
Austin Meadows,TB,OF,26,36,132,19,27,8,1,4,13,2,1,17,50,0,2,1,0.205,0.296,0.371,0.667
Kris Bryant,CHC,3B,29,34,131,20,27,5,1,4,11,0,0,12,40,0,0,4,0.206,0.293,0.351,0.644
Clint Frazier,NYY,OF,26,39,131,24,35,6,1,8,26,3,0,25,44,0,1,3,0.267,0.394,0.511,0.905
Byron Buxton,MIN,OF,27,39,130,19,33,3,0,13,27,2,1,2,36,0,2,1,0.254,0.267,0.577,0.844
Austin Romine,DET,C,32,37,130,12,31,5,0,2,17,0,0,4,47,0,1,0,0.238,0.259,0.323,0.582
Nick Markakis,ATL,OF,37,37,130,15,33,15,0,1,15,0,1,10,23,0,0,1,0.254,0.312,0.392,0.704
Brett Gardner,NYY,OF,38,49,130,20,29,5,1,5,15,3,3,26,35,0,1,1,0.223,0.354,0.392,0.746
Willi Castro,DET,SS,24,36,129,21,45,4,2,6,24,0,1,7,38,1,2,1,0.349,0.381,0.55,0.931
Ryan Braun,MIL,OF,37,39,129,14,30,7,1,8,26,1,0,7,27,0,1,2,0.233,0.281,0.488,0.769
Matt Joyce,MIA,OF,37,46,127,16,32,4,0,2,14,1,0,20,41,0,1,0,0.252,0.351,0.331,0.682
Ryan Mountcastle,BAL,1B,24,35,126,12,42,5,0,5,23,0,1,11,30,0,2,1,0.333,0.386,0.492,0.878
Miguel Rojas,MIA,SS,32,40,125,20,38,10,1,4,20,5,1,16,18,0,0,2,0.304,0.392,0.496,0.888
Jacob Stallings,PIT,C,31,42,125,13,31,7,0,3,18,0,0,15,40,2,1,0,0.248,0.326,0.376,0.702
David Bote,CHC,2B,28,45,125,15,25,3,1,7,29,2,0,17,40,0,1,2,0.2,0.303,0.408,0.711
Jo Adell,LAA,OF,22,38,124,9,20,4,0,3,7,0,1,7,55,0,0,1,0.161,0.212,0.266,0.478
Daniel Murphy,COL,1B,36,40,123,10,29,3,0,3,16,0,0,7,21,0,1,0,0.236,0.275,0.333,0.608
Bo Bichette,TOR,SS,23,29,123,18,37,9,1,5,23,4,1,5,27,0,0,0,0.301,0.328,0.512,0.84
Eric Thames,WAS,1B,34,41,123,10,25,5,0,3,12,1,0,14,42,0,0,3,0.203,0.3,0.317,0.617
Starling Marte,ARI,OF,32,33,122,23,38,8,1,2,14,5,2,10,19,0,1,5,0.311,0.384,0.443,0.827
Ji-Man Choi,TB,1B,30,42,122,16,28,13,0,3,16,0,0,20,36,0,3,0,0.23,0.331,0.41,0.741
Carson Kelly,ARI,C,27,39,122,11,27,5,0,5,19,0,0,6,29,0,0,1,0.221,0.264,0.385,0.649
Hunter Renfroe,TB,OF,29,42,122,18,19,5,0,8,22,2,0,14,37,0,1,2,0.156,0.252,0.393,0.645
Austin Hays,BAL,OF,26,33,122,20,34,2,0,4,9,2,3,8,25,0,2,2,0.279,0.328,0.393,0.721
Joc Pederson,LAD,OF,29,43,121,21,23,4,0,7,16,1,0,11,34,0,0,5,0.19,0.285,0.397,0.682
Joe Panik,TOR,2B,30,41,120,18,27,6,0,1,7,0,0,20,27,0,0,1,0.225,0.34,0.3,0.64
Johan Camargo,ATL,2B,27,35,120,16,24,8,0,4,9,0,0,6,35,0,0,1,0.2,0.244,0.367,0.611
Jon Berti,MIA,2B,31,39,120,21,31,5,0,2,14,9,2,23,37,2,1,3,0.258,0.388,0.35,0.738
Danny Jansen,TOR,C,26,43,120,18,22,3,0,6,20,0,0,21,31,3,1,2,0.183,0.313,0.358,0.671
Garrett Cooper,MIA,1B,30,34,120,20,34,8,0,6,20,0,0,11,31,0,0,2,0.283,0.353,0.5,0.853
Leody Taveras,TEX,OF,22,33,119,20,27,6,1,4,6,8,0,14,43,1,0,0,0.227,0.308,0.395,0.703
Andres Gimenez,NYM,SS,22,49,118,22,31,3,2,3,12,8,1,7,28,0,1,6,0.263,0.333,0.398,0.731
Ozzie Albies,ATL,2B,24,29,118,21,32,5,0,6,19,3,1,5,30,0,0,1,0.271,0.306,0.466,0.772
Andrelton Simmons,LAA,SS,31,30,118,19,35,7,0,0,10,2,0,8,16,0,0,1,0.297,0.346,0.356,0.702
Jedd Gyorko,MIL,3B,32,43,117,19,29,3,0,9,17,0,0,15,38,0,2,1,0.248,0.333,0.504,0.837
Kevin Pillar,BOS,OF,32,30,117,20,32,7,2,4,13,1,1,8,23,0,0,1,0.274,0.325,0.47,0.795
Shed Long,SEA,2B,26,34,117,10,20,5,0,3,9,4,0,11,37,0,0,0,0.171,0.242,0.291,0.533
Matt Kemp,COL,DH,36,43,117,18,28,3,0,6,21,1,0,15,41,0,0,0,0.239,0.326,0.419,0.745
Sean Murphy,OAK,C,26,43,116,21,27,5,0,7,14,0,0,24,37,0,0,0,0.233,0.364,0.457,0.821
Ender Inciarte,ATL,OF,30,46,116,17,22,2,1,1,10,4,1,12,25,1,2,0,0.19,0.262,0.25,0.512
Victor Caratini,CHC,C,28,44,116,10,28,7,0,1,16,0,1,12,31,0,0,4,0.241,0.333,0.328,0.661
Jonathan Villar,MIA,2B,30,30,116,10,30,4,0,2,9,9,5,10,32,1,1,0,0.259,0.315,0.345,0.66
Eric Sogard,MIL,2B,35,43,115,10,24,5,0,1,10,0,0,11,20,0,1,1,0.209,0.281,0.278,0.559
Yandy Diaz,TB,3B,30,34,114,16,35,3,0,2,11,0,0,23,17,0,0,1,0.307,0.428,0.386,0.814
Will Smith,LAD,C,26,37,114,23,33,9,0,8,25,0,0,20,22,0,1,2,0.289,0.401,0.579,0.98
Jason Kipnis,CHC,2B,34,44,114,13,27,8,1,3,16,1,0,18,41,0,2,1,0.237,0.341,0.404,0.745
Ben Gamel,MIL,OF,29,40,114,13,27,8,1,3,10,0,2,13,39,0,0,0,0.237,0.315,0.404,0.719
Jake Cave,MIN,OF,28,42,113,17,25,3,2,4,15,0,2,5,44,0,0,5,0.221,0.285,0.389,0.674
Rowdy Tellez,TOR,1B,26,35,113,20,32,5,0,8,23,0,1,11,20,0,2,1,0.283,0.346,0.54,0.886
Scott Kingery,PHI,2B,27,36,113,12,18,5,0,3,6,0,0,9,35,1,0,1,0.159,0.228,0.283,0.511
Ryan O'Hearn,KC,1B,28,42,113,7,22,6,0,2,18,0,0,18,37,0,1,0,0.195,0.303,0.301,0.604
Justin Smoak,MIL,1B,34,33,113,14,21,7,0,5,15,0,0,10,40,0,1,2,0.186,0.262,0.381,0.643
Luis Arraez,MIN,2B,24,32,112,16,36,9,0,0,13,0,0,8,11,0,1,0,0.321,0.364,0.402,0.766
Jose Peraza,BOS,2B,27,34,111,13,25,8,1,1,8,1,1,5,18,0,1,3,0.225,0.275,0.342,0.617
Kurt Suzuki,WAS,C,37,33,111,15,30,8,0,2,17,1,0,11,19,0,3,4,0.27,0.349,0.396,0.745
Shin-Soo Choo,TEX,OF,39,33,110,13,26,3,0,5,15,6,2,13,33,0,2,2,0.236,0.323,0.4,0.723
Dylan Carlson,STL,OF,22,35,110,11,22,7,1,3,16,1,1,8,35,0,1,0,0.2,0.252,0.364,0.616
Luis Urias,MIL,SS,24,41,109,11,26,4,1,0,11,2,2,10,32,0,0,1,0.239,0.308,0.294,0.602
Cole Tucker,PIT,OF,25,37,109,17,24,3,0,1,8,1,0,5,31,1,1,0,0.22,0.252,0.275,0.527
Tommy Pham,SD,OF,33,31,109,13,23,2,0,3,12,6,0,15,27,0,0,1,0.211,0.312,0.312,0.624
Yan Gomes,WAS,C,34,30,109,14,31,6,1,4,13,1,0,6,22,0,3,1,0.284,0.319,0.468,0.787
Todd Frazier,TEX,3B,35,31,108,11,26,7,1,2,7,1,1,10,26,0,0,3,0.241,0.322,0.38,0.702
Roman Quinn,PHI,OF,28,41,108,14,23,3,1,2,7,12,0,5,39,1,0,2,0.213,0.261,0.315,0.576
Omar Narvaez,MIL,C,29,40,108,8,19,4,0,2,10,0,0,16,39,0,0,2,0.176,0.294,0.269,0.563
Nico Hoerner,CHC,2B,24,48,108,19,24,4,0,0,13,3,2,12,24,0,2,3,0.222,0.312,0.259,0.571
Danny Mendick,CWS,2B,27,33,107,11,26,4,1,3,6,0,1,6,25,0,1,0,0.243,0.281,0.383,0.664
Jose Marmolejos,SEA,OF,28,35,107,12,22,4,0,6,18,0,1,7,32,0,0,1,0.206,0.261,0.411,0.672
Delino DeShields,CLE,OF,29,37,107,10,27,3,2,0,7,3,2,9,29,4,0,0,0.252,0.31,0.318,0.628
Starling Marte,MIA,OF,32,28,106,13,26,6,0,4,13,5,0,2,22,0,0,4,0.245,0.286,0.415,0.701
Lewis Brinson,MIA,OF,27,47,106,14,24,6,0,3,12,4,0,6,30,0,0,0,0.226,0.268,0.368,0.636
Harrison Bader,STL,OF,27,50,106,21,24,7,2,4,11,3,1,13,40,0,1,5,0.226,0.336,0.443,0.779
Sam Hilliard,COL,OF,27,36,105,13,22,2,2,6,10,3,0,9,42,0,0,0,0.21,0.272,0.438,0.71
Nick Madrigal,CWS,2B,24,29,103,8,35,3,0,0,11,2,1,4,7,0,0,2,0.34,0.376,0.369,0.745
Joey Bart,SF,C,24,33,103,15,24,5,2,0,7,0,0,3,41,0,0,5,0.233,0.288,0.32,0.608
Elvis Andrus,TEX,SS,33,29,103,11,20,5,0,3,7,3,1,8,15,0,0,0,0.194,0.252,0.33,0.582
Daulton Varsho,ARI,C,25,37,101,16,19,5,2,3,9,3,1,12,33,0,0,2,0.188,0.287,0.366,0.653
Aaron Judge,NYY,OF,29,28,101,23,26,3,0,9,22,0,1,10,32,0,0,2,0.257,0.336,0.554,0.89
Tony Wolters,COL,C,29,42,100,10,23,4,0,0,8,0,0,6,30,2,0,1,0.23,0.28,0.27,0.55
Isaac Paredes,DET,3B,22,34,100,7,22,4,0,1,6,0,0,8,24,0,0,0,0.22,0.278,0.29,0.568
Willie Calhoun,TEX,OF,26,29,100,3,19,2,1,1,13,0,0,5,17,0,2,1,0.19,0.231,0.26,0.491
Carter Kieboom,WAS,3B,23,33,99,15,20,1,0,0,9,0,1,17,33,0,1,5,0.202,0.344,0.212,0.556
Jared Walsh,LAA,1B,28,32,99,19,29,4,2,9,26,0,0,5,15,0,3,1,0.293,0.324,0.646,0.97
Tommy La Stella,LAA,2B,32,28,99,15,27,8,0,4,14,1,0,15,7,1,1,1,0.273,0.371,0.475,0.846
Tucker Barnhart,CIN,C,30,38,98,10,20,3,0,5,13,0,0,12,28,0,0,0,0.204,0.291,0.388,0.679
Chance Sisco,BAL,C,26,36,98,11,21,4,0,4,10,0,0,17,41,0,0,6,0.214,0.364,0.378,0.742
Joshua Fuentes,COL,1B,28,30,98,14,30,7,0,2,17,1,0,2,29,0,2,1,0.306,0.32,0.439,0.759
Austin Nola,SEA,C,31,29,98,15,30,5,1,5,19,0,0,9,17,0,1,2,0.306,0.373,0.531,0.904
Roberto Perez,CLE,C,32,32,97,6,16,2,0,1,5,0,0,11,38,0,0,2,0.165,0.264,0.216,0.48
JaCoby Jones,DET,OF,29,30,97,19,26,9,0,5,14,1,1,7,34,0,1,3,0.268,0.333,0.515,0.848
Tommy La Stella,OAK,2B,32,27,97,16,28,6,2,1,11,0,0,12,5,0,1,1,0.289,0.369,0.423,0.792
James McCann,CWS,C,31,31,97,20,28,3,0,7,15,1,1,8,30,0,2,4,0.289,0.36,0.536,0.896
Jay Bruce,PHI,OF,34,32,96,11,19,4,2,6,14,0,0,7,24,0,0,0,0.198,0.252,0.469,0.721
Mike Tauchman,NYY,OF,30,43,95,18,23,6,0,0,14,6,0,14,26,0,1,1,0.242,0.342,0.305,0.647
Brian Goodwin,LAA,OF,30,30,95,12,23,7,1,4,17,1,0,12,35,0,1,1,0.242,0.33,0.463,0.793
Taylor Ward,LAA,OF,27,34,94,16,26,6,2,0,5,2,0,8,28,0,0,0,0.277,0.333,0.383,0.716
Jorge Alfaro,MIA,C,28,31,93,12,21,2,0,3,16,2,0,4,36,0,0,3,0.226,0.28,0.344,0.624
David Dahl,COL,OF,27,24,93,9,17,2,2,0,9,1,0,4,28,0,1,1,0.183,0.222,0.247,0.469
Tony Kemp,OAK,2B,29,49,93,15,23,5,0,0,4,3,1,15,14,1,2,3,0.247,0.363,0.301,0.664
Phil Gosselin,PHI,OF,32,39,92,14,23,5,0,3,12,0,0,10,27,0,0,0,0.25,0.324,0.402,0.726
Michael Taylor,WAS,OF,30,38,92,11,18,6,0,5,16,0,0,6,27,0,0,1,0.196,0.253,0.424,0.677
Kevin Pillar,COL,OF,32,24,91,14,28,5,1,2,13,4,1,5,18,0,0,1,0.308,0.351,0.451,0.802
Howie Kendrick,WAS,DH,38,25,91,11,25,4,0,2,14,0,0,7,17,0,2,0,0.275,0.32,0.385,0.705
Max Stassi,LAA,C,30,31,90,12,25,2,0,7,20,0,0,11,21,0,3,1,0.278,0.352,0.533,0.885
Christin Stewart,DET,OF,27,36,90,6,15,3,0,3,9,0,0,5,30,0,1,2,0.167,0.224,0.3,0.524
Dexter Fowler,STL,OF,35,31,90,14,21,2,0,4,15,1,1,10,28,0,0,1,0.233,0.317,0.389,0.706
Luis Rengifo,LAA,2B,24,33,90,12,14,1,0,1,3,3,1,14,26,2,0,0,0.156,0.269,0.2,0.469
Ehire Adrianza,MIN,SS,32,44,89,10,17,7,0,0,3,1,0,11,23,0,0,1,0.191,0.287,0.27,0.557
Tyler Wade,NYY,2B,26,52,88,19,15,3,0,3,10,4,1,12,22,1,1,3,0.17,0.288,0.307,0.595
DJ Stewart,BAL,OF,27,31,88,13,17,2,0,7,15,0,0,20,38,2,0,2,0.193,0.355,0.455,0.81
Adam Engel,CWS,OF,29,36,88,11,26,5,1,3,12,1,0,3,19,0,0,2,0.295,0.333,0.477,0.81
Abraham Toro,HOU,3B,24,33,87,13,13,2,0,3,9,1,1,3,23,0,0,7,0.149,0.237,0.276,0.513
Darin Ruf,SF,OF,35,40,87,11,24,6,0,5,18,1,0,13,23,0,0,0,0.276,0.37,0.517,0.887
Jorge Bonifacio,DET,OF,28,30,86,8,19,3,0,2,17,0,0,5,26,0,1,2,0.221,0.277,0.326,0.603
Oscar Mercado,CLE,OF,26,36,86,6,11,1,0,1,6,3,0,5,27,1,1,0,0.128,0.174,0.174,0.348
Ty France,SEA,2B,27,23,86,10,26,5,1,2,13,0,0,6,22,0,0,2,0.302,0.362,0.453,0.815
Mike Brosseau,TB,2B,27,37,86,12,26,5,1,5,12,2,0,8,31,0,1,3,0.302,0.378,0.558,0.936
Austin Barnes,LAD,C,31,29,86,14,21,3,0,1,9,3,0,13,24,2,1,2,0.244,0.353,0.314,0.667
Austin Slater,SF,OF,28,31,85,18,24,2,1,5,7,8,1,16,22,1,0,2,0.282,0.408,0.506,0.914
Ke'Bryan Hayes,PIT,3B,24,24,85,17,32,7,2,5,11,1,0,9,20,0,0,1,0.376,0.442,0.682,1.124
Khris Davis,OAK,DH,33,30,85,9,17,5,0,2,10,0,0,10,26,0,1,3,0.2,0.303,0.329,0.632
Michael Perez,TB,C,29,38,84,7,14,3,0,1,13,0,0,7,27,0,1,1,0.167,0.237,0.238,0.475
Kevin Plawecki,BOS,C,30,24,82,8,28,5,1,1,17,1,0,5,14,0,0,2,0.341,0.393,0.463,0.856
Pablo Sandoval,SF,1B,35,33,82,5,18,1,0,1,6,0,0,6,18,0,1,1,0.22,0.278,0.268,0.546
Myles Straw,HOU,OF,26,33,82,8,17,4,0,0,8,6,2,4,22,0,0,0,0.207,0.244,0.256,0.5
Josh Donaldson,MIN,3B,35,28,81,14,18,2,0,6,11,0,0,18,24,0,1,2,0.222,0.373,0.469,0.842
Ryan McBroom,KC,1B,29,36,81,8,20,3,0,6,10,0,0,4,30,0,0,0,0.247,0.282,0.506,0.788
Bobby Dalbec,BOS,1B,26,23,80,13,21,3,0,8,16,0,0,10,39,0,0,2,0.263,0.359,0.6,0.959
Adam Haseley,PHI,OF,25,40,79,7,22,5,0,0,13,0,0,7,17,3,1,2,0.278,0.348,0.342,0.69
Josh Harrison,WAS,2B,34,33,79,11,22,2,0,3,14,1,2,6,12,0,2,4,0.278,0.352,0.418,0.77
Jose Osuna,PIT,1B,28,26,78,6,16,3,0,4,11,0,1,4,16,0,0,0,0.205,0.244,0.397,0.641
Ronald Guzman,TEX,1B,26,26,78,10,19,1,1,4,9,1,0,7,24,0,0,1,0.244,0.314,0.436,0.75
Jordan Luplow,CLE,OF,27,29,78,8,15,5,1,2,8,0,1,12,19,0,1,1,0.192,0.304,0.359,0.663
Jose Trevino,TEX,C,28,24,76,10,19,8,0,2,9,0,0,3,15,1,2,1,0.25,0.28,0.434,0.714
Edwin Rios,LAD,3B,27,32,76,13,19,6,0,8,17,0,0,4,18,0,1,2,0.25,0.301,0.645,0.946
Giancarlo Stanton,NYY,DH,31,23,76,12,19,7,0,4,11,1,1,15,27,0,0,2,0.25,0.387,0.5,0.887
Curt Casali,CIN,C,32,31,76,10,17,3,0,6,8,2,0,14,29,0,0,3,0.224,0.366,0.5,0.866
Mike Zunino,TB,C,30,28,75,8,11,4,0,4,10,0,0,6,37,0,0,3,0.147,0.238,0.36,0.598
Dee Strange-Gordon,SEA,2B,33,33,75,12,15,1,0,0,3,3,2,5,13,0,0,2,0.2,0.268,0.213,0.481
Anderson Tejeda,TEX,SS,23,23,75,7,19,4,1,3,8,4,1,2,30,0,0,0,0.253,0.273,0.453,0.726
Mike Ford,NYY,1B,29,29,74,5,10,4,0,2,11,0,0,7,16,0,1,2,0.135,0.226,0.27,0.496
Jonathan Arauz,BOS,2B,23,25,72,8,18,2,0,1,9,0,0,8,21,0,0,0,0.25,0.325,0.319,0.644
Stephen Vogt,ARI,C,36,26,72,6,12,5,0,1,7,0,0,8,18,0,1,0,0.167,0.247,0.278,0.525
Mitch Garver,MIN,C,30,23,72,8,12,1,0,2,5,0,0,7,37,0,1,1,0.167,0.247,0.264,0.511
Andrew Knapp,PHI,C,29,33,72,9,20,4,1,2,15,0,0,15,19,0,1,1,0.278,0.404,0.444,0.848
Domingo Santana,CLE,OF,29,24,70,6,11,3,0,2,12,0,0,13,25,0,0,1,0.157,0.298,0.286,0.584
Nick Senzel,CIN,OF,26,23,70,8,13,6,0,2,8,2,1,6,15,0,1,0,0.186,0.247,0.357,0.604
Tim Locastro,ARI,OF,29,33,69,15,20,4,1,2,7,4,0,8,14,1,0,4,0.29,0.395,0.464,0.859
Tyler Flowers,ATL,C,35,22,69,5,15,6,0,1,5,0,0,8,34,0,0,3,0.217,0.325,0.348,0.673
Jonathan Villar,TOR,2B,30,22,69,3,13,1,0,0,6,7,0,9,22,0,1,0,0.188,0.278,0.203,0.481
Mitch Moreland,SD,1B,35,20,69,8,14,5,0,2,8,0,0,4,14,0,0,0,0.203,0.247,0.362,0.609
Elias Diaz,COL,C,30,26,68,4,16,2,0,2,9,0,0,5,15,0,0,0,0.235,0.288,0.353,0.641
JT Riddle,PIT,3B,29,23,67,8,10,2,0,1,1,1,0,2,13,0,0,0,0.149,0.174,0.224,0.398
Jose Martinez,TB,DH,33,24,67,10,16,4,0,2,10,0,0,9,20,0,0,0,0.239,0.329,0.388,0.717
Nathaniel Lowe,TB,1B,26,21,67,10,15,2,0,4,11,1,0,9,28,0,0,0,0.224,0.316,0.433,0.749
Jose Barrero,CIN,SS,23,24,67,4,13,0,0,0,2,1,1,1,26,0,0,0,0.194,0.206,0.194,0.4
Mitch Moreland,BOS,1B,35,22,67,14,22,4,0,8,21,0,0,11,18,0,0,1,0.328,0.43,0.746,1.176
Sandy Leon,CLE,C,32,25,66,4,9,1,0,2,4,0,0,14,21,0,0,1,0.136,0.296,0.242,0.538
Brock Holt,WAS,3B,33,21,65,11,17,6,0,0,4,1,0,5,15,0,0,0,0.262,0.314,0.354,0.668
Kyle Farmer,CIN,2B,31,32,64,4,17,3,0,0,4,1,0,5,13,0,0,1,0.266,0.329,0.313,0.642
Randy Arozarena,TB,OF,26,23,64,15,18,2,0,7,11,4,0,6,22,0,1,5,0.281,0.382,0.641,1.023
Gavin Lux,LAD,2B,23,19,63,8,11,2,0,3,8,1,0,6,19,0,0,0,0.175,0.246,0.349,0.595
Austin Nola,SD,C,31,19,63,9,14,4,0,2,9,0,0,9,17,0,1,1,0.222,0.324,0.381,0.705
Andrew Velazquez,BAL,SS,27,40,63,11,10,1,1,0,3,4,2,10,23,4,0,0,0.159,0.274,0.206,0.48
Vimael Machin,OAK,3B,27,24,63,11,13,2,0,0,0,0,0,8,10,0,0,0,0.206,0.296,0.238,0.534
Dwight Smith,BAL,OF,28,21,63,9,14,3,0,2,6,1,0,7,19,0,1,1,0.222,0.306,0.365,0.671
Edward Olivares,KC,OF,25,18,62,5,17,1,1,2,7,0,1,2,11,0,1,0,0.274,0.292,0.419,0.711
Miguel Andujar,NYY,OF,26,21,62,5,15,2,1,1,5,0,0,3,9,0,0,0,0.242,0.277,0.355,0.632
Jeff Mathis,TEX,C,38,24,62,6,10,1,1,3,9,1,0,5,24,0,1,0,0.161,0.221,0.355,0.576
Josh Naylor,CLE,OF,24,22,61,9,14,3,0,0,2,0,0,4,8,0,0,0,0.23,0.277,0.279,0.556
Chadwick Tromp,SF,C,26,24,61,11,13,1,0,4,10,0,0,1,20,0,2,0,0.213,0.219,0.426,0.645
Josh Rojas,ARI,2B,27,17,61,9,11,0,0,0,2,1,1,7,16,0,2,0,0.18,0.257,0.18,0.437
Derek Dietrich,TEX,2B,32,25,61,9,12,1,0,5,8,1,1,9,21,0,0,5,0.197,0.347,0.459,0.806
Greg Garcia,SD,2B,32,35,60,6,12,3,0,0,11,1,0,7,18,3,1,0,0.2,0.279,0.25,0.529
Santiago Espinal,TOR,SS,26,27,60,10,16,4,0,0,6,1,0,4,16,1,1,0,0.267,0.308,0.333,0.641
Starlin Castro,WAS,2B,31,16,60,9,16,3,1,2,4,0,0,3,13,0,0,0,0.267,0.302,0.45,0.752
Bubba Starling,KC,OF,29,35,59,5,10,1,0,1,5,0,0,4,27,0,1,0,0.169,0.219,0.237,0.456
Adeiny Hechavarria,ATL,2B,32,27,59,7,15,3,0,0,2,0,0,4,12,0,0,0,0.254,0.302,0.305,0.607
Leury Garcia,CWS,SS,30,16,59,6,16,1,0,3,8,0,0,4,9,0,0,0,0.271,0.317,0.441,0.758
Luis Torrens,SEA,C,25,18,59,5,15,4,0,1,6,0,0,6,13,0,0,0,0.254,0.323,0.373,0.696
Aledmys Diaz,HOU,2B,31,17,58,8,14,5,0,3,6,0,0,1,12,0,0,0,0.241,0.254,0.483,0.737
John Ryan Murphy,PIT,C,30,25,58,6,10,2,0,0,2,0,0,4,28,1,0,0,0.172,0.226,0.207,0.433
Daniel Vogelbach,MIL,1B,28,19,58,13,19,2,0,4,12,0,0,8,18,0,0,1,0.328,0.418,0.569,0.987
Austin Hedges,SD,C,29,29,57,7,9,1,0,3,6,1,1,6,18,5,1,2,0.158,0.258,0.333,0.591
Daz Cameron,DET,OF,24,17,57,4,11,2,1,0,3,1,0,2,19,0,0,0,0.193,0.22,0.263,0.483
Luis Guillorme,NYM,2B,26,30,57,6,19,6,0,0,9,2,0,10,17,0,1,0,0.333,0.426,0.439,0.865
Jazz Chisholm,MIA,2B,23,21,56,8,9,1,1,2,6,2,2,5,19,0,0,1,0.161,0.242,0.321,0.563
Chad Pinder,OAK,2B,29,24,56,8,13,3,0,2,8,0,0,5,13,0,0,0,0.232,0.295,0.393,0.688
Danny Santana,TEX,1B,30,15,55,6,8,4,0,1,7,2,0,7,24,0,1,0,0.145,0.238,0.273,0.511
Ty France,SD,2B,27,20,55,9,17,4,0,2,10,0,0,5,15,0,0,1,0.309,0.377,0.491,0.868
Ryan Jeffers,MIN,C,24,26,55,5,15,0,0,3,7,0,0,5,19,0,0,2,0.273,0.355,0.436,0.791
Francisco Cervelli,MIA,C,35,16,53,10,13,2,0,3,7,1,0,8,14,0,0,1,0.245,0.355,0.453,0.808
Daniel Vogelbach,SEA,1B,28,18,53,3,5,1,0,2,4,0,0,11,13,0,0,0,0.094,0.25,0.226,0.476
Cam Gallagher,KC,C,28,25,53,10,15,5,0,1,3,0,0,6,11,1,0,0,0.283,0.356,0.434,0.79
Tzu-Wei Lin,BOS,SS,27,26,52,2,8,1,0,0,3,0,0,2,17,2,1,0,0.154,0.182,0.173,0.355
Chris Davis,BAL,1B,35,16,52,3,6,3,0,0,1,0,0,3,17,0,0,0,0.115,0.164,0.173,0.337
Scott Heineman,TEX,OF,28,24,52,6,8,3,0,1,7,3,0,2,11,0,0,0,0.154,0.185,0.269,0.454
Jason Castro,LAA,C,34,18,52,5,10,4,0,2,6,0,0,10,23,0,0,0,0.192,0.323,0.385,0.708
Cameron Maybin,CHC,OF,34,18,52,3,13,4,1,0,5,3,0,3,12,0,0,1,0.25,0.304,0.365,0.669
Hunter Pence,SF,OF,38,17,52,4,5,0,1,2,6,0,0,3,15,0,0,1,0.096,0.161,0.25,0.411
Jarrod Dyson,PIT,OF,37,21,51,6,8,0,0,0,5,4,0,4,10,0,0,0,0.157,0.218,0.157,0.375
Grayson Greiner,DET,C,28,18,51,8,6,2,0,3,8,0,0,3,20,0,0,1,0.118,0.182,0.333,0.515
Sam Haggerty,SEA,OF,27,13,50,7,13,4,0,1,6,4,0,4,16,0,0,0,0.26,0.315,0.4,0.715
Matt Beaty,LAD,1B,28,21,50,8,11,1,0,2,5,0,0,2,14,0,0,2,0.22,0.278,0.36,0.638
Christian Arroyo,BOS,3B,26,14,50,7,12,1,0,3,8,0,0,4,11,0,0,0,0.24,0.296,0.44,0.736
Jon Jay,ARI,OF,36,18,50,5,8,1,0,1,4,0,0,3,12,0,3,1,0.16,0.211,0.24,0.451
Harold Castro,DET,OF,27,22,49,6,17,4,0,0,3,0,0,5,11,0,0,0,0.347,0.407,0.429,0.836
Brian Goodwin,CIN,OF,30,20,49,5,8,2,0,2,5,4,0,5,19,0,1,0,0.163,0.236,0.327,0.563
Matt Adams,ATL,DH,33,16,49,4,9,2,0,2,9,0,0,2,18,0,0,0,0.184,0.216,0.347,0.563
Todd Frazier,NYM,3B,35,14,49,5,11,2,0,2,5,0,0,1,16,0,0,1,0.224,0.255,0.388,0.643
Alex Avila,MIN,C,34,23,49,6,9,2,0,1,2,0,0,11,22,0,0,2,0.184,0.355,0.286,0.641
Anthony Bemboom,LAA,C,31,21,48,9,10,1,0,3,5,0,1,7,13,2,1,2,0.208,0.328,0.417,0.745
Eli White,TEX,OF,27,19,48,5,9,2,0,0,3,1,1,3,16,0,1,0,0.188,0.231,0.229,0.46
Thairo Estrada,NYY,2B,25,26,48,8,8,0,0,1,3,1,0,1,19,0,0,3,0.167,0.231,0.229,0.46
Kyle Higashioka,NYY,C,31,16,48,7,12,1,0,4,10,0,0,0,11,0,0,0,0.25,0.25,0.521,0.771
Jacob Nottingham,MIL,C,26,20,48,8,9,1,0,4,13,0,0,5,20,0,0,1,0.188,0.278,0.458,0.736
Aristides Aquino,CIN,OF,27,23,47,7,8,1,0,2,8,1,0,6,18,0,0,3,0.17,0.304,0.319,0.623
Monte Harrison,MIA,OF,26,32,47,8,8,1,0,1,3,6,0,4,26,0,0,0,0.17,0.235,0.255,0.49
Brandon Drury,TOR,3B,29,21,46,3,7,1,0,0,1,0,0,2,9,0,1,0,0.152,0.184,0.174,0.358
Yairo Munoz,BOS,OF,26,12,45,6,15,5,0,1,4,2,0,0,11,0,0,0,0.333,0.333,0.511,0.844
Jake Lamb,OAK,3B,30,13,45,5,12,4,0,3,9,0,0,2,8,0,0,2,0.267,0.327,0.556,0.883
Mallex Smith,SEA,OF,28,14,45,2,6,2,0,0,3,2,0,2,13,0,0,0,0.133,0.17,0.178,0.348
Jace Peterson,MIL,OF,31,26,45,6,9,1,0,2,5,1,0,15,20,0,1,0,0.2,0.393,0.356,0.749
Magneuris Sierra,MIA,OF,25,19,44,8,11,3,1,0,7,4,1,5,9,2,1,1,0.25,0.333,0.364,0.697
Chad Wallach,MIA,C,29,15,44,4,10,3,0,1,6,0,0,3,12,1,0,0,0.227,0.277,0.364,0.641
Matt Davidson,CIN,DH,30,22,43,3,7,1,0,3,11,0,0,4,13,0,0,0,0.163,0.234,0.395,0.629
Jake Lamb,ARI,3B,30,18,43,2,5,1,0,0,1,0,1,6,17,0,0,1,0.116,0.24,0.14,0.38
Tyler Heineman,SF,C,30,15,42,3,8,1,0,0,1,1,0,4,6,2,0,2,0.19,0.292,0.214,0.506
C.J. Cron,DET,1B,31,13,42,9,8,3,0,4,8,0,0,9,16,0,0,1,0.19,0.346,0.548,0.894
Robinson Chirinos,TEX,C,37,14,42,3,5,1,0,0,2,0,0,5,12,0,1,1,0.119,0.224,0.143,0.367
Jack Mayfield,HOU,SS,30,21,42,5,8,1,0,0,3,0,0,2,14,1,1,1,0.19,0.239,0.214,0.453
Andrew Stevenson,WAS,OF,27,15,41,11,15,7,1,2,12,2,0,5,11,0,0,1,0.366,0.447,0.732,1.179
Chris Owings,COL,2B,30,17,41,9,11,1,0,2,5,1,0,3,11,0,0,0,0.268,0.318,0.439,0.757
Reese McGuire,TOR,C,26,19,41,2,3,0,0,1,1,0,0,0,11,4,0,0,0.073,0.073,0.146,0.219
Cameron Maybin,DET,OF,34,14,41,5,10,4,0,1,2,0,0,4,13,0,0,0,0.244,0.311,0.415,0.726
Phillip Ervin,SEA,OF,29,18,39,5,8,3,0,0,4,0,0,8,14,0,0,0,0.205,0.34,0.282,0.622
Lewin Diaz,MIA,1B,24,14,39,2,6,2,0,0,3,0,0,2,12,0,0,0,0.154,0.195,0.205,0.4
Manny Pina,MIL,C,34,15,39,4,9,1,0,2,5,0,0,3,11,0,0,3,0.231,0.333,0.41,0.743
Francisco Mejia,SD,C,25,17,39,5,3,1,0,1,2,0,0,1,9,0,0,2,0.077,0.143,0.179,0.322
Andrew Benintendi,BOS,OF,27,14,39,4,4,1,0,0,1,1,2,11,17,1,0,1,0.103,0.314,0.128,0.442
LaMonte Wade,MIN,OF,27,16,39,3,9,3,0,0,1,1,1,4,9,0,0,1,0.231,0.318,0.308,0.626
Joe Odom,SEA,C,29,18,39,2,5,0,0,0,2,0,0,4,20,1,0,0,0.128,0.209,0.128,0.337
Drew Butera,COL,C,38,29,39,4,6,2,0,0,4,0,0,2,11,1,1,0,0.154,0.19,0.205,0.395
Neil Walker,PHI,2B,35,18,39,5,9,3,0,0,3,0,0,1,13,0,1,0,0.231,0.244,0.308,0.552
Phillip Evans,PIT,3B,28,11,39,6,14,2,0,1,9,0,1,5,7,0,0,1,0.359,0.444,0.487,0.931
Mike Freeman,CLE,2B,34,24,38,5,9,3,0,0,3,0,0,3,11,0,1,1,0.237,0.302,0.316,0.618
Jonah Heim,OAK,C,26,13,38,5,8,0,0,0,5,0,0,3,3,0,0,0,0.211,0.268,0.211,0.479
Franchy Cordero,KC,OF,26,16,38,7,8,3,0,2,7,1,0,4,4,0,0,0,0.211,0.286,0.447,0.733
Dustin Garneau,HOU,C,34,17,38,4,6,0,1,1,4,0,0,6,15,2,0,0,0.158,0.273,0.289,0.562
Tyrone Taylor,MIL,OF,27,22,38,6,9,4,0,2,6,0,0,2,8,0,0,1,0.237,0.293,0.5,0.793
Bradley Zimmer,CLE,OF,28,20,37,3,6,0,0,1,3,2,1,7,14,0,1,5,0.162,0.36,0.243,0.603
Eddy Alvarez,MIA,2B,31,12,37,6,7,1,0,0,2,2,0,3,16,0,0,1,0.189,0.268,0.216,0.484
Pavin Smith,ARI,1B,25,12,37,7,10,0,1,1,4,1,0,5,8,0,2,0,0.27,0.341,0.405,0.746
Lane Thomas,STL,OF,26,18,36,5,4,2,0,1,2,0,0,4,13,0,0,0,0.111,0.2,0.25,0.45
Josh Naylor,SD,OF,24,18,36,4,10,0,1,1,4,1,0,1,4,0,0,1,0.278,0.316,0.417,0.733
Mark Mathias,MIL,OF,27,16,36,2,10,3,0,0,4,1,0,0,7,0,0,0,0.278,0.278,0.361,0.639
Josh VanMeter,ARI,2B,26,12,36,6,7,2,0,1,5,0,0,4,8,0,0,1,0.194,0.293,0.333,0.626
Phillip Ervin,CIN,OF,29,19,35,5,3,0,0,0,0,1,0,6,8,0,0,1,0.086,0.238,0.086,0.324
Rangel Ravelo,STL,1B,29,13,35,5,6,1,0,1,6,0,0,4,6,0,2,0,0.171,0.244,0.286,0.53
Matt Wieters,STL,C,35,19,35,3,7,1,0,0,4,0,0,3,10,1,0,2,0.2,0.3,0.229,0.529
Edward Olivares,SD,OF,25,13,34,4,6,1,0,1,3,0,1,2,14,0,0,0,0.176,0.222,0.294,0.516
Steven Duggar,SF,OF,27,21,34,3,6,2,0,0,3,1,0,1,11,0,0,1,0.176,0.222,0.235,0.457
Logan Forsythe,MIA,3B,34,13,34,2,4,1,0,1,2,0,0,4,12,0,0,0,0.118,0.211,0.235,0.446
Josh VanMeter,CIN,2B,26,14,34,3,2,1,0,1,1,1,0,3,16,0,0,1,0.059,0.158,0.176,0.334
Jake Marisnick,NYM,OF,30,16,33,4,11,3,0,2,5,0,0,1,10,0,0,0,0.333,0.353,0.606,0.959
Robinson Chirinos,NYM,C,37,12,32,1,7,2,0,1,5,0,0,1,9,0,0,0,0.219,0.242,0.375,0.617
Bryan Holaday,BAL,C,33,21,31,5,5,1,0,0,4,0,0,2,9,0,0,0,0.161,0.212,0.194,0.406
Derek Fisher,TOR,OF,28,16,31,5,7,2,1,1,7,0,1,7,11,0,1,0,0.226,0.359,0.452,0.811
Yoenis Cespedes,NYM,OF,35,8,31,3,5,1,0,2,4,0,0,2,15,0,0,1,0.161,0.235,0.387,0.622
Austin Allen,OAK,C,27,14,31,1,6,1,0,1,3,0,0,1,14,0,0,0,0.194,0.219,0.323,0.542
Brett Phillips,KC,OF,27,18,31,8,7,0,1,1,2,3,1,3,8,0,0,0,0.226,0.294,0.387,0.681
Kevan Smith,TB,C,33,17,31,3,8,3,0,1,8,0,0,5,11,0,0,1,0.258,0.378,0.452,0.83
Sam Huff,TEX,C,23,10,31,5,11,3,0,3,4,0,0,2,11,0,0,0,0.355,0.394,0.742,1.136
Braden Bishop,SEA,OF,28,12,30,2,5,2,0,0,4,1,0,2,10,1,0,1,0.167,0.242,0.233,0.475
Brock Holt,MIL,3B,33,16,30,1,3,0,0,0,1,0,0,4,9,0,1,1,0.1,0.222,0.1,0.322
Rob Refsnyder,TEX,OF,30,15,30,4,6,1,0,0,1,0,0,2,11,0,1,1,0.2,0.265,0.233,0.498
Albert Almora,CHC,OF,27,28,30,4,5,1,0,0,1,0,0,3,9,0,0,1,0.167,0.265,0.2,0.465
Travis Demeritte,DET,OF,26,18,29,5,5,1,0,0,4,0,0,3,14,0,0,1,0.172,0.273,0.207,0.48
Jason Castro,SD,C,34,9,28,3,5,5,0,0,3,0,0,2,10,0,0,0,0.179,0.233,0.357,0.59
Erik Kratz,NYY,C,41,18,28,2,9,2,0,0,4,0,0,2,6,0,0,0,0.321,0.367,0.393,0.76
Wyatt Mathisen,ARI,3B,27,9,27,5,6,0,0,2,5,0,0,5,12,0,0,1,0.222,0.364,0.444,0.808
Steven Souza,CHC,OF,32,11,27,3,4,2,0,1,5,1,0,4,15,0,0,0,0.148,0.258,0.333,0.591
Jonathan Davis,TOR,OF,29,13,27,4,7,2,0,1,6,1,0,3,11,0,1,2,0.259,0.364,0.444,0.808
Andrew Young,ARI,2B,27,12,26,3,5,2,0,1,4,0,0,5,10,0,0,3,0.192,0.382,0.385,0.767
Yadiel Hernandez,WAS,OF,33,12,26,3,5,3,0,1,6,0,0,1,12,0,1,0,0.192,0.214,0.423,0.637
Jake Fraley,SEA,OF,26,7,26,3,4,1,1,0,0,2,1,2,11,0,0,1,0.154,0.241,0.269,0.51
Jorge Mateo,SD,OF,26,22,26,4,4,3,0,0,2,1,0,1,11,1,0,0,0.154,0.185,0.269,0.454
Jesus Sanchez,MIA,OF,23,10,25,1,1,1,0,0,2,0,0,4,11,0,0,0,0.04,0.172,0.08,0.252
Greg Allen,CLE,OF,28,15,25,3,4,1,0,1,4,1,0,1,9,0,1,1,0.16,0.214,0.32,0.534
Ramon Urias,BAL,2B,27,10,25,3,9,2,0,1,3,0,0,2,6,0,0,0,0.36,0.407,0.56,0.967
Logan Morrison,MIL,1B,34,9,25,3,3,1,0,1,2,0,0,3,8,0,0,0,0.12,0.214,0.28,0.494
Alejandro Kirk,TOR,C,22,9,24,4,9,2,0,1,3,0,0,1,4,0,0,0,0.375,0.4,0.583,0.983
Tomas Nido,NYM,C,27,7,24,4,7,1,0,2,6,0,0,2,6,0,0,0,0.292,0.346,0.583,0.929
Christian Colon,CIN,2B,32,11,23,3,3,1,0,0,2,1,0,1,3,0,0,0,0.13,0.167,0.174,0.341
Billy Hamilton,NYM,OF,30,17,22,4,1,0,0,0,1,3,1,1,3,1,1,0,0.045,0.083,0.045,0.128
Ildemaro Vargas,MIN,2B,30,10,22,3,5,1,1,0,2,0,0,1,2,0,1,0,0.227,0.25,0.364,0.614
Kyle Garlick,PHI,OF,29,12,22,0,3,1,0,0,3,0,0,0,7,0,0,1,0.136,0.174,0.182,0.356
Isan Diaz,MIA,2B,25,7,22,3,4,0,0,0,1,0,0,0,7,0,0,0,0.182,0.182,0.182,0.364
Brendan Rodgers,COL,2B,25,7,21,1,2,1,0,0,2,0,0,0,6,0,0,0,0.095,0.095,0.143,0.238
Matt Thaiss,LAA,3B,26,8,21,3,3,0,0,1,1,0,0,4,8,0,0,0,0.143,0.28,0.286,0.566
Jose Martinez,CHC,DH,33,10,21,0,0,0,0,0,0,0,0,1,7,0,0,0,0,0.045,0,0.045
Taylor Jones,HOU,1B,27,7,21,3,4,1,0,1,3,0,0,1,7,0,0,0,0.19,0.227,0.381,0.608
Sergio Alcantara,DET,SS,25,10,21,2,3,0,1,1,1,0,0,2,4,0,0,0,0.143,0.217,0.381,0.598
Meibrys Viloria,KC,C,24,15,21,1,4,1,0,0,0,0,0,2,9,0,0,1,0.19,0.292,0.238,0.53
Beau Taylor,CLE,C,31,7,21,1,1,0,0,0,2,0,0,2,9,1,0,0,0.048,0.13,0.048,0.178
Daniel Robertson,SF,2B,27,13,21,4,7,0,0,0,2,0,0,3,6,0,0,0,0.333,0.417,0.333,0.75
Nicky Delmonico,CWS,OF,29,6,20,0,3,0,0,0,3,0,0,2,2,0,0,0,0.15,0.227,0.15,0.377
Ildemaro Vargas,ARI,2B,30,8,20,2,3,0,0,0,0,0,0,1,5,0,0,0,0.15,0.19,0.15,0.34
Sherten Apostel,TEX,3B,22,7,20,1,2,1,0,0,0,0,0,1,9,0,0,0,0.1,0.143,0.15,0.293
Brett Phillips,TB,OF,27,17,20,2,3,0,1,1,3,3,0,5,7,0,0,0,0.15,0.32,0.4,0.72
Brent Rooker,MIN,OF,26,7,19,4,6,2,0,1,5,0,0,0,5,0,0,2,0.316,0.381,0.579,0.96
Lorenzo Cain,MIL,OF,35,5,18,4,6,1,0,0,2,0,0,3,2,0,0,0,0.333,0.429,0.389,0.818
Mark Payton,CIN,OF,29,8,18,0,3,1,0,0,0,1,0,2,5,0,0,0,0.167,0.25,0.222,0.472
Mason Williams,BAL,OF,30,10,18,0,2,0,1,0,0,0,1,0,9,0,0,0,0.111,0.111,0.222,0.333
Kevin Cron,ARI,1B,28,8,17,0,0,0,0,0,0,0,0,1,7,0,0,2,0,0.15,0,0.15
Franklin Barreto,LAA,2B,25,6,17,0,2,0,0,0,2,1,0,0,8,0,0,1,0.118,0.167,0.118,0.285
Guillermo Heredia,NYM,OF,30,7,17,4,4,0,0,2,3,0,0,1,5,0,0,0,0.235,0.278,0.588,0.866
Joe Hudson,SEA,C,30,9,17,0,3,0,0,0,0,0,0,2,5,1,0,0,0.176,0.263,0.176,0.439
Jake Noll,WAS,1B,27,7,17,2,6,1,0,0,0,0,0,0,4,0,0,0,0.353,0.353,0.412,0.765
Eric Haase,DET,C,28,7,17,1,3,0,0,0,2,0,0,1,6,0,1,0,0.176,0.211,0.176,0.387
Tyler Stephenson,CIN,C,25,8,17,4,5,0,0,2,6,0,0,2,9,0,0,1,0.294,0.4,0.647,1.047
Max Schrock,STL,2B,26,11,17,1,3,0,0,1,1,0,0,0,6,0,0,0,0.176,0.176,0.353,0.529
Willians Astudillo,MIN,C,29,8,16,4,4,1,0,1,3,0,0,0,2,0,0,0,0.25,0.25,0.5,0.75
Andrew Knizner,STL,C,26,8,16,1,4,1,0,0,4,0,0,0,5,0,1,0,0.25,0.235,0.313,0.548
Jared Oliva,PIT,OF,25,6,16,0,3,0,0,0,0,1,0,0,6,0,0,0,0.188,0.188,0.188,0.376
Guillermo Heredia,PIT,OF,30,8,16,2,3,0,0,0,2,1,0,2,4,0,0,0,0.188,0.278,0.188,0.466
Zack Collins,CWS,DH,26,9,16,1,1,1,0,0,0,0,0,2,5,0,0,0,0.063,0.167,0.125,0.292
Anthony Alford,TOR,OF,27,13,16,3,3,0,0,1,3,3,0,0,7,0,0,0,0.188,0.188,0.375,0.563
Yolmer Sanchez,CWS,2B,29,12,16,7,5,3,0,1,1,0,0,5,5,0,0,0,0.313,0.476,0.688,1.164
Josh Phegley,CHC,C,33,11,16,4,1,0,0,1,2,0,0,1,3,0,0,1,0.063,0.167,0.25,0.417
Brian Dozier,NYM,2B,34,7,15,1,2,0,0,0,0,0,0,1,5,0,0,0,0.133,0.188,0.133,0.321
Travis Jankowski,CIN,OF,30,16,15,3,1,0,0,0,0,2,1,2,7,0,0,0,0.067,0.176,0.067,0.243
Erick Mejia,KC,OF,26,8,14,1,1,1,0,0,0,1,0,0,7,1,0,0,0.071,0.071,0.143,0.214
Luis Alexander Basabe,SF,OF,25,9,14,5,2,0,0,0,1,2,0,4,5,0,0,0,0.143,0.333,0.143,0.476
Mickey Moniak,PHI,OF,23,8,14,3,3,0,0,0,0,0,0,4,6,0,0,0,0.214,0.389,0.214,0.603
Wilmer Difo,WAS,SS,29,12,14,1,1,0,0,0,1,0,0,3,4,0,1,0,0.071,0.222,0.071,0.293
Donovan Walton,SEA,SS,27,5,13,0,2,1,0,0,3,0,1,1,5,0,0,0,0.154,0.214,0.231,0.445
Nick Heath,KC,OF,27,15,13,2,2,1,0,0,3,2,2,2,6,1,0,1,0.154,0.313,0.231,0.544
Sean Rodriguez,MIA,3B,36,4,13,0,2,0,0,0,0,0,0,0,6,0,0,0,0.154,0.154,0.154,0.308
Brandon Dixon,DET,1B,29,5,13,0,1,1,0,0,2,0,0,1,4,0,0,0,0.077,0.143,0.154,0.297
Anthony Alford,PIT,OF,27,5,12,2,3,0,1,1,4,0,0,1,1,0,0,0,0.25,0.308,0.667,0.975
Austin Hedges,CLE,C,29,6,12,0,1,0,0,0,0,0,0,0,5,0,0,0,0.083,0.083,0.083,0.166
Daniel Johnson,CLE,OF,26,5,12,0,1,0,0,0,0,0,0,1,5,0,0,0,0.083,0.154,0.083,0.237
Jaylin Davis,SF,OF,27,4,12,2,2,0,0,1,1,0,0,0,6,0,0,0,0.167,0.167,0.417,0.584
Jorge Ona,SD,OF,24,5,12,3,3,1,0,1,2,0,0,2,7,0,0,1,0.25,0.4,0.583,0.983
Derek Hill,DET,OF,25,15,11,3,1,0,0,0,0,0,0,1,6,0,0,0,0.091,0.167,0.091,0.258
Ryan Lavarnway,MIA,C,34,5,11,0,4,0,0,0,0,0,0,0,2,0,0,0,0.364,0.364,0.364,0.728
Jordy Mercer,NYY,SS,35,6,11,1,2,0,0,0,0,0,0,2,1,0,0,0,0.182,0.308,0.182,0.49
Matt Reynolds,KC,3B,30,3,11,1,0,0,0,0,0,0,0,0,7,0,0,0,0,0,0,0
Luis Torrens,SD,C,25,7,11,0,3,1,0,0,0,0,0,1,2,1,0,0,0.273,0.333,0.364,0.697
Abraham Almonte,SD,OF,32,7,11,0,1,0,0,0,0,1,1,2,4,0,0,0,0.091,0.231,0.091,0.322
Yu Chang,CLE,3B,26,10,11,1,2,0,0,0,1,0,0,2,4,0,0,0,0.182,0.308,0.182,0.49
Dawel Lugo,DET,3B,26,9,10,3,2,0,0,0,1,0,0,1,1,0,0,0,0.2,0.273,0.2,0.473
Harold Ramirez,MIA,OF,26,3,10,2,2,0,0,0,1,0,1,1,2,0,0,0,0.2,0.273,0.2,0.473
Franklin Barreto,OAK,2B,25,15,10,5,0,0,0,0,0,0,0,0,7,0,0,0,0,0,0,0
Billy Hamilton,CHC,OF,30,14,10,6,3,0,0,1,1,3,1,1,4,0,0,0,0.3,0.364,0.6,0.964
Joe McCarthy,SF,OF,27,4,10,0,0,0,0,0,0,0,0,0,5,0,0,0,0,0,0,0
William Contreras,ATL,C,23,4,10,0,4,1,0,0,1,0,0,0,4,0,0,0,0.4,0.4,0.5,0.9
Jarrod Dyson,CWS,OF,37,11,10,3,3,0,0,0,0,2,0,0,1,1,0,0,0.3,0.3,0.3,0.6
Kelvin Gutierrez,KC,3B,27,4,9,0,1,0,0,0,0,0,0,3,6,0,0,0,0.111,0.333,0.111,0.444
Ildemaro Vargas,CHC,2B,30,6,9,1,2,0,0,1,1,0,0,0,3,0,0,0,0.222,0.222,0.556,0.778
Jason Martin,PIT,OF,25,7,9,2,0,0,0,0,0,0,0,2,4,0,0,0,0,0.182,0,0.182
Ali Sanchez,NYM,C,24,5,9,0,1,0,0,0,0,0,0,1,3,0,0,0,0.111,0.2,0.111,0.311
Jordy Mercer,DET,SS,35,3,9,1,2,0,0,0,0,0,0,0,1,0,0,0,0.222,0.222,0.222,0.444
Ryan Goins,CWS,3B,33,14,9,4,0,0,0,0,0,0,0,1,1,0,0,0,0,0.1,0,0.1
Caleb Joseph,TOR,C,35,3,8,2,1,0,0,1,2,0,0,1,1,0,0,0,0.125,0.222,0.5,0.722
Cesar Puello,BOS,OF,30,5,8,1,3,0,0,0,0,0,0,2,2,1,0,0,0.375,0.5,0.375,0.875
Rafael Marchan,PHI,C,22,3,8,3,4,0,0,1,3,0,0,1,2,0,0,0,0.5,0.556,0.875,1.431
Ryan Cordell,NYM,OF,29,5,8,0,1,0,0,0,0,1,0,0,3,0,0,0,0.125,0.125,0.125,0.25
Keibert Ruiz,LAD,C,23,2,8,1,2,0,0,1,1,0,0,0,3,0,0,0,0.25,0.25,0.625,0.875
Yordan Alvarez,HOU,DH,24,2,8,2,2,0,0,1,4,0,0,0,1,0,0,1,0.25,0.333,0.625,0.958
Garrett Stubbs,HOU,C,28,14,8,1,1,0,0,0,1,0,1,0,0,1,1,0,0.125,0.111,0.125,0.236
Michael Hermosillo,LAA,OF,26,7,8,0,2,0,0,0,2,1,0,1,1,0,1,0,0.25,0.3,0.25,0.55
Zach McKinstry,LAD,2B,26,4,7,1,2,1,0,0,0,0,0,0,3,0,0,0,0.286,0.286,0.429,0.715
Nate Orf,OAK,2B,31,6,7,1,0,0,0,0,0,0,0,0,1,0,0,0,0,0,0,0
Jahmai Jones,LAA,2B,24,3,7,2,3,0,0,0,1,0,0,0,2,0,0,0,0.429,0.429,0.429,0.858
Charlie Culberson,ATL,OF,32,10,7,2,1,1,0,0,1,0,0,0,4,0,0,0,0.143,0.143,0.286,0.429
Ronald Torreyes,PHI,SS,28,4,7,1,1,1,0,0,0,0,0,0,0,0,0,0,0.143,0.143,0.286,0.429
Alex Jackson,ATL,C,25,5,7,0,2,1,0,0,0,0,0,0,4,0,0,0,0.286,0.286,0.429,0.715
Ryon Healy,MIL,3B,29,4,7,0,1,0,0,0,0,0,0,0,2,0,0,0,0.143,0.143,0.143,0.286
Hernan Perez,CHC,2B,30,3,6,0,1,0,0,0,0,0,0,0,2,0,0,0,0.167,0.167,0.167,0.334
Elliot Soto,LAA,SS,32,3,6,2,2,1,0,0,0,0,0,1,1,0,0,0,0.333,0.429,0.5,0.929
Adolis Garcia,TEX,OF,28,3,6,0,0,0,0,0,0,0,0,1,4,0,0,0,0,0.143,0,0.143
Justin Smoak,SF,1B,34,3,6,0,0,0,0,0,0,0,0,0,2,0,0,0,0,0,0,0
Brian Navarreto,MIA,C,26,2,5,0,2,0,0,0,0,0,0,0,1,0,0,0,0.4,0.4,0.4,0.8
Seth Brown,OAK,OF,29,7,5,0,0,0,0,0,0,0,0,0,2,0,0,0,0,0,0,0
Brian O'Grady,TB,OF,29,2,5,2,2,1,0,0,0,1,0,0,1,0,0,0,0.4,0.4,0.6,1
Joey Rickard,SF,OF,30,4,5,1,0,0,0,0,0,0,0,1,1,0,0,0,0,0.167,0,0.167
Jose Briceno,LAA,C,28,2,5,0,1,0,0,0,0,0,0,1,1,0,0,0,0.2,0.333,0.2,0.533
Yadiel Rivera,TEX,SS,29,4,5,0,0,0,0,0,0,1,0,0,1,0,0,0,0,0,0,0
Dilson Herrera,BAL,2B,27,3,5,0,0,0,0,0,0,0,0,0,4,0,0,1,0,0.167,0,0.167
Justin Williams,STL,OF,26,3,5,0,1,0,0,0,0,0,0,1,2,0,0,0,0.2,0.333,0.2,0.533
Daniel Vogelbach,TOR,1B,28,2,4,0,0,0,0,0,0,0,0,1,2,0,0,0,0,0.2,0,0.2
Austin Dean,STL,OF,27,3,4,1,1,1,0,0,0,0,0,3,2,0,0,0,0.25,0.571,0.5,1.071
Oscar Hernandez,KC,C,28,4,4,1,2,0,0,0,0,0,0,0,1,0,0,0,0.5,0.5,0.5,1
Cristian Pache,ATL,OF,22,2,4,0,1,0,0,0,0,0,0,0,2,0,0,0,0.25,0.25,0.25,0.5
Will Craig,PIT,1B,26,2,4,0,0,0,0,0,0,0,0,0,1,0,0,0,0,0,0,0
John Nogowski,STL,1B,28,1,4,0,1,0,0,0,0,0,0,0,1,0,0,0,0.25,0.25,0.25,0.5
Andrew Romine,TEX,SS,35,2,4,1,1,1,0,0,0,0,0,0,1,0,0,0,0.25,0.25,0.5,0.75
Rene Rivera,NYM,C,38,2,4,0,1,0,0,0,0,0,0,0,3,0,0,0,0.25,0.25,0.25,0.5
Emilio Bonifacio,WAS,OF,36,3,3,1,0,0,0,0,0,0,1,0,2,0,0,0,0,0,0,0
Estevan Florial,NYY,OF,23,1,3,0,1,0,0,0,0,0,0,0,2,0,0,0,0.333,0.333,0.333,0.666
Luis Campusano,SD,C,22,1,3,2,1,0,0,1,1,0,0,0,2,0,0,1,0.333,0.5,1.333,1.833
Travis Blankenhorn,MIN,3B,25,1,3,0,1,1,0,0,0,0,0,0,0,0,0,1,0.333,0.5,0.667,1.167
Rob Brantly,SF,C,32,1,3,0,0,0,0,0,0,0,0,0,0,0,0,0,0,0,0,0
Billy McKinney,TOR,OF,27,2,3,1,2,0,0,0,0,0,0,0,0,0,0,0,0.667,0.667,0.667,1.334
Deivy Grullon,BOS,C,25,1,3,0,1,0,0,0,1,0,0,1,1,0,0,0,0.333,0.5,0.333,0.833
Patrick Wisdom,CHC,1B,30,2,2,0,0,0,0,0,0,0,0,0,0,0,0,0,0,0,0,0
Andrew Susac,PIT,C,31,1,2,0,0,0,0,0,0,0,0,2,0,0,0,0,0,0.5,0,0.5
Eduardo Nunez,NYM,2B,34,2,2,0,1,0,0,0,0,1,0,0,0,0,0,0,0.5,0.5,0.5,1
Pablo Sandoval,ATL,1B,35,1,2,0,0,0,0,0,0,0,0,2,1,0,0,0,0,0.5,0,0.5
Yermin Mercedes,CWS,DH,28,1,1,0,0,0,0,0,0,0,0,0,0,0,0,0,0,0,0,0
Aaron Whitefield,MIN,OF,24,3,1,1,0,0,0,0,0,0,0,0,0,0,0,0,0,0,0,0
Luis Gonzalez,CWS,OF,25,3,1,1,0,0,0,0,0,0,0,0,1,0,0,1,0,0.5,0,0.5
Greg Allen,SD,OF,28,1,1,1,0,0,0,0,0,1,0,2,1,0,0,1,0,0.75,0,0.75
Cheslor Cuthbert,CWS,1B,28,1,1,0,0,0,0,0,0,0,0,0,0,0,0,0,0,0,0,0
Scott Schebler,ATL,OF,30,1,1,0,0,0,0,0,0,0,0,0,0,0,0,0,0,0,0,0